,0
0,"한강을 자주 나가곤 하지만.,  이곳은 특히 매년 불꽃축제 핫플코스 이기도 하다. 이몰에서 63빌딩 사이로 김포공항으로 서서히 착륙하는 비행기가 사진을 보면 명확하게 볼일것이다.놀이터공짜화장실공짜반려견 동반 환경밥과 간식만 있으면 오케이피크닉 구역집시가 되면 무엇이 더 필요한가"
1,"동작대교와 한강대교에서 엘리베이터로 접근할 수 있으며 강변 산책로와 자전거길 등이 잘 설치되어 강변 산책과 운동, 석양과 노을 보기도 좋아요."
2,아이와함께 주말마다 차범근 축구교실에서 뛰어놀기도 하고 산책하면 힐링되고 너무 좋아요
3,"주차장이 네곳이나되네요
각 구역별로 다른 느낌이네요.
그렇지만 고요히 흐르는 한강 바라보며 물멍때리는것은 같아요"
4,좋은계절을 잘느낄수있었어요 바람에흔들리는나무들 산책하기 좋았어요 그늘집이 좀 더 많으면 더 좋을거같아요
5,동작역 1번출구 나와 동작대교를 건너가 이촌한강공원 한강변 산책을 했구요. 자연학습장 옆에 대나무숲길도 조성돼 있어요. 미루나무 가로수길도 있고 거북선나루터 지나 한강대교를 건너니 야경이 멋지네요.
6,"저녁 야경이 멋있고
반포대교 무기개분수는 유명합니다."
7,사람도많지않고 분위기가 좋아요
8,작은 공원이지만 운동기구 놀이기구와 러닝트랙 그리고 무엇보다도 햇빛과 눈비를 피할 수 있는 지붕이 있는 벤치가 있어 좋다.  단 삼정호텔 큰 에어컨 실외기 소리가 제법 커서 작동시간에는 낭만적이지 않다
9,여기 미루나무길 대나무길 예술공원 정말 이뻐요 주변에 꽃들도이뻐서 운동할때 기분이 더 좋아져요 공영주차장 이용 편리하네요
10,여의도 불꽃축제를 보러 찾아간 이촌한강공원. 공원은 다른 곳에 비해 한적한 편입니다. 자전거 타는 사람은 많아도 앉아있는 사람은 그다지 많지 않아요. 불꽃축제를 보기에는 그다지 적절하지 않습니다. 사람들이 일어나면 가려집니다. 근처 동작대교 위에서 보는것을 추천드립니다.
11,"평범한 서울의 좋은 공원이지만,

서울세계불꽃축제가 진행하는 날은 그야말로 헬게이트.
자전거도로에 텐트설치, 일찍와서 오지 않은 사람들 자리까지 맡는 무개념 사진가들,  본인쓰레기 안치우는 비양심적인 사람들로 가득해지는 지독한 장소가 됩니다."
12,"보행로에 그늘이 좋고 원두막에서 쉴수있어서 좋은데 자전거 길은 그늘이 없네요~
자연학습장도 풀이 많으네요~
강가 근처에 샛길로 갈수 있는데 거기도 좋아요"
13,구간마다 화장실있고 걷기도 평탄하고 틈틈히 벤치도 있는데 강북라인은 마포대교에서 동작대교까지에는 편의점같은 음료등을 살곳은 없음
14,자전거 도로가 잘되어 있어요!
15,반포대교에서 500m정도 시골길(?) 같은 곳을 지나면 깔끔한 산책로가 나와요.
16,여유롭고 시설좋고 다른지역의 한강공원보다 모든시설이 더 잘 갖춰진 곳! 인라인경기장과 차범근 축구교실이 운영중
17,"도심속 한강공원 으로
조용히 산책하고 걷기.자전거타기에 좋습니다.
자전거빌려주는곳 있습니다.~~"
18,"ㆍ이촌동에 주차장이 많지 않아서, 한강 주차장을
이용합니다.
ㆍ주차장에서 이촌동까지 걸어서 15분 정도
소요 되지만, 주차요금도 저렴해서 이용함"
19,산책하기 좋고 곳곳에 예술작품도 있어서 찾아보는 즐거움이 있음.
20,"한강에 몇안되는 낚시가능구역
전체적으로 깨끗하게 관리되어있고
곳곳의 쓰레기통과 화장실이 구비되어있어 편의성이좋다
단점은 편의점이 한곳인데 일반편의점의 1.5배에서 2배정도의 가격으로 판매가되는게 유일한 단점이다."
21,거북선나루터 산책하기 좋습니다
22,날 좋을 땐 피크닉 하려는 사람들로 바글바글 그만큼 뷰도 장소도 좋다는 뜻이게찡!
23,"한강변 따라 자전거 타고,
걷고, 앉고, 웃고 떠들며 가을을 느끼기 좋은 공원"
24,"이촌한강공원은 반포나 뚝섬과는 다르게 놀러온 사람이 적은 느낌이다. 그래서 더 조용하게 쉴 수 있고, 편하게 산책 할 수 있다. 한강공원 중에서 제일 좋아하는 곳이다."
25,딱 서울같아요ㅎㅎ 한강이랑 높은 빌딩들 산책하기 좋아요ㅎㅎ자전거타는사람이랑 걷는사람 엄청많고 돗자리펴서 쉬고있는사람도 많았어요 한가로운느낌ㅎㅎ
26,여기는 언제가 좋은곳이고 편안하다. 동작대교쪽 흙길 더 좋음. 캠핑존도 있어 많은 가족이 쉬는곳. 주차비가 있습니다
27,토요일 오후 이촌 한강공원에서 많은 시민들이 휴식을 취하고 있네요.
28,"이촌한강공원은 조금 더 활기차고 운동을 즐기는 사람들로 가득합니다. 오후에 나오면 햇빛이 사람 쪽으로 비치는 탓에 한강 사진은 다소 아쉽게 나오지만, 자연의 여유를 즐기기에는 좋은 환경입니다. 중간중간 조형물과 스포츠 공간이 많아 즐길거리가 많습니다."
29,"역에서는 다소 멀지만 주차장이 잘 갖추어져 있고 여의도 등 기타 한강공원에 비해 사람이 적은 편. 7시 이후에는 텐트 및 그늘막을 설치할 수 없음. GS25 에서 간단한 음식 (라면 포함) 및 주류 구매 가능하나 물건은 많이 없는 편이고 할인도 거의 없으니 다른 곳에서 사오는 것이 나음. 와인병은 편의점 휴지통에 버릴 수 없으니 화장실 쪽 휴지통에 버려야함. 멋 부리지 않은 잔디밭에만 충실한 공원이라 좋으며 63빌딩 쪽으로 해가 지는 멋진 모습을 감상할 수 있음. 봄 가을 맑은날에 찾으면, 전세계 어느 공원에 비교해도 손색없는 곳."
30,"한강은언제나좋네요~^^ 아이들인라인강습으로왔는데
자주올꺼같아요~"
31,말모말모♡ 내가 사랑하는 공간~~두다리만 멀쩡하다면 사계절을 다 느낄수 있는 아름다운 곳
32,집 근처라 자주 갑니다. 휴식을 취하기에 매우 좋은 공원입니다.
33,이촌역이랑 가까워서 쉽게 걸어 갈수 있고 돗자리를 펴고 피크닉가기 좋습니다.여름에 청보리밭이 펼쳐져있는 풍경이 좋았습니다.
34,"생태공원 이 조성뒤어있는 이촌한강공원 가벼운 운동코스로
아주 좋아요"
35,"다른 곳에 비해 한적합니다.
거기다 날씨 좋은 날에 피크닉 와서 컵라면이랑 음료수 마시면서 한강을 보면 진짜 서울 아니겠습니까?
자전거도 타면 좋아요.
다만 놀이터에 무개념 초등학생들이 있습니다. 새치기 해놓고 5분만 더 탄다면서 30분 더 타더라고요. 저는 괜찮았는데 여사친이랑 동생들이 계속 기다렸어요."
36,쓰레기 관리가 잘안되네요
37,한강이 한눈에 보이면서도 각종 나무들을 심어놔서 경치도 좋고 잘 관리되어 있어서 산책하기 딱 좋아요
38,아이들과 같이 놀기 딱좋다. 산책과 마라톤 자전거 타기도 너무 좋다 다름 지구보다 좋다.
39,코로나이후 처음나온 한강공원입니다. 맛있는 치킨  그리고 삼겹입니다. 대한민국 화이팅입니다
40,2018 서울세계불꽃축제가 여의도~이촌한강시민공원 사이 한강에서 쏘아 올려져 아름다운 가을밤을 수놓았다.
41,"산책이나 자전거타기 좋아요.
앞으로는 탁트인 한강이 있고, 뒤로는 63빌딩이 떡 버티고 있어요."
42,"우리 사랑하는 강아지 머루랑 자주 산책을 가던 곳이예요:) 우리 머루가 무지개 다리를 건너서 이제는 같이 갈 순 없지만 여기서 행복한 시간을 많이 보냈었어요! 많은 아이들도 여기서 좋은 시간을 보냈겠죠? 크지는 않지만 있을 건 다 있는 보물같은 곳이지요! 가까이 사시는 분들 부럽습니다
다들 여기서 행복한 시간들 되세요:)"
43,"조깅하기 좋은곳!!
오늘은 유난히 맑은 하늘까지~~"
44,최고의 공간입니다.
45,"2018.여의도 한강 불꽃축제 다녀왔어요
정말 많은 사람들과 즐거운 시간을 보냈습니다"
46,사람도 다른 한강공원에 비해 적고 한적하고 뷰도 좋고 일몰이 잘 보이며 넓어서 좋습니다
47,한강공원들 중 가장 괜찮은 산책로와 시설.
48,휴일이라 해지고 산책 갔는데 오랜만에 봐서인지 건너편 야경이 너무나 멋졌네요~~
49,계절마다 조경이 빠뀝니다. 이촌동에 먹방하고 산책하기 좋아요-
50,다른 한강에 비해서 사람이 많이 없어서 너무 좋아요! 이런저런 건축물도 많이 생겨서 볼거리도 많아졌어요~
51,장소는 아주 좋은데 주차장이 작아 저~~~~~~멀리까지 주차하려고 줄을 서거나 불법주차를 무지막지하게 하는 것이 단점.
52,잔디밭에서 가을 한 때를 보내기 좋았어요.
53,찐친과 맥주와 교촌치킨 콤보+ 엽떡 오뎅반반이라는 성스러운 의식을 치뤘습니다.. 분위기좋아용 근처에 교촌이랑 엽떡있어서 픽업했더니 배달비 세이브!
54,한강 공원인데 나무도 많고 사람도 너무 많지 않고 좋아요. 차 끌고 오기에는 망원지구보다 더 좋아요.
55,"반포대교 북단에 위치한 한강공원입니다. 이 곳에 붕어낚시나 납자루낚시가 가능한 곳이 있다해서 찾아가 봤습니다. 저는 한강에서 납자루낚시가 가능한 곳을 찾다가 이 곳을 알게 되었는데, 실제 낚시해 보니 예쁜 납자루가 나오네요^^ 뒷 지느러미와 등지느러미에 새겨져 있는 주황색의 무늬가 예쁩니다. 체고가 낮고 길죽한 모습이 납자루아과의 납자루입니다. 이 곳에서는 큰 납지리와 가시납지리도 종종 잡힙니다. 건너편의 서래섬에 있는 낚시터에서도 동일한 납자루들이 잡힙니다^^"
56,"누구나 알고 있겠지만, 서울 시내에서 바람 쐬기 좋은 곳.피크닉 구역쉬기 좋음. 충전."
57,난지풀장이아이들이재미있게노네요
58,가족단위로 많이 오는 공원이라 아이들이 많아요. 한강 공원 중에 그나마 한산한 편인 것 같습니다
59,가을 분위기 만끽하고 왔네요...은근 더웠어요~^^거북이가 일광욕을 즐기고 있네요~^^
60,view가  한강중에서 가히 1경이라 할 수 있겠네요
61,"모든 체육시설을 보수했고,계속 보수중이라서 산책과 운동하기에 최적인 장소"
62,잘 안가는 한강공원이지만 나름의 특색이 있어서 가끔 산책하러 오기 좋은 공원이네요
63,요즘 해지면 날씨가 서늘해지면서 사람들이 많이 늘어난듯
64,너무좋아요
65,봄이 활짝  아흐~~~쒼난다요 ^^
66,아직 뭔가 부족한 …피크닉 구역잔디를 잘 꾸며 줬으면 ..
67,아주 좋아요 사람이 그렇게 많지않아요
68,"잔디가 좋고 한적함
한강공원 중 탑급"
69,언제나 친구처럼 친근하고 편안한 한강...
70,겨울이라도 아름답다고 공기 넘 조아
71,조형물이 많아서 사진찍기 좋고 런닝하시는 분들이 많아요. 미세먼지가 없고 좋은 날씨에 산책하기 좋습니다.
72,매번 올때마다 느끼는 거지만 깨끗하고 경치 끝내주네요
73,올들어 부쩍 늘어난 벤치와 미술작품 그리고 무엇보다 수목들이 둔치라는 말보다 수변공원이 더욱 어울리는 공간이 되어가고 있어  자주 찾게 됩니다. 최근에는 노들섬 공연장 시설도 개관해 여유로운 휴식을 풍요롭게 가꾸는 아름다운 공간으로서  그 모습이 갖추어간다는 느낌.
74,금국화가 만발했어요~ 마스크는 꼭 씁시당!
75,한강물이 맑고 시설이 🖒…
76,피크닉 및 산책하기 좋아요
77,이촌 향도 하고 싶어지네요
78,제2주차장으로 가야 편의점이 가까워요
79,한적하니 넘  좋았어요
80,산책길도 너무 예쁘게 조성되있고 자전거 타기도 좋아요 다만 공원내 매점이 요즘 인테리어 공사로 닫겼으니 참고하세요
81,강북에 있는 한강공원중에서는 쾌적하고 좋은 편
82,불꽃축제 보러 매년 한번씩 가요. 여의도에서 보는것보다 이쪽에서 보는게 사람 적어서 좋아요. 언덕쪽에서 앉는데 엉덩이 오지게 아픔... 매트를 두개나 깔았는데도 아직도 아프네요... 불꽃축제는 2017년 이후로 계속 퀄리티가 낮아지는 듯..ㅜㅜ 아침부터 기다린 보람이 없었어요. 내년에 또 올지는 고민해봐야겠어요. 그리고 자전거 탈거면 여의도쪽이 뷰가 더 좋아여... 끝.
83,산책하기 좋고 운동하기에도 아주 좋아요.
84,"자연성  회복한다고  오랜기간  폐쇄하고  세금  잔뜩  쓰더니  한강  뷰를  가리는  결과를  낳았습니다,  시원한  강바람도  이전보다  못하고  꽃  조금  심고,  나무  좀  심고.  나머지는  황무지  느낌이  더해졌네요.  박원순의  실패작에  아까운  세금만  들어갔다는  생각입니다.  도시재생한다고  벽화  몇개  그린  것보다  더  나빠짐.  강이  보이는  것을  군데  군데  나무로  막아  버린것이  패착
새로운  시장이  좀  아셨으면  합니다."
85,공원은 좋은나 이곳에 있는 자전거 대여점은 신중하게 이용하시는게 좋습니다. 특수자전거 (2인용 아이용 안장이나 어린이 자전거) 있다는 점 빼고는 자전거 너무 낡아서 이런걸로 장사하는게 신기할 정도입니다. 어른이시라면 그냥 서울시 자전거 이용하세요. 서비스에 비하면 너무 비싸고 좋지 않습니다
86,휴일에 가족들과 같이 오기에는 좋은 것 같아요
87,"한적하고 분위기있고
북적대지 않아서 참 좋은 곳"
88,공사중인곳 반포가더좋음
89,"C 상반된 평가를 주는 한강공원. 여러 한강공원 중에서는 가장 한적하고, 반면에 관리도 다른 곳보다 안된다는 느낌이 듬. 산책하기 좋고, 주차장도 무난함."
90,걷고 쉬기 좋은 곳
91,새로공사해서 산책로 잘조성했으나 거북선나룻터에서 동작대교방향 약100m간격으로3곳에서 악취가발생하는데 지금(동절기)은 안나는데 추위가풀리면 악취가 발생될것으로 판단됨
92,"요즘은 너무더워 그렇지만
한강둔치가 멋진 장소예요
운동 산책 등등
한강에서 자연을 만끽한다는 것 서울시민의 행복중 하나죠"
93,"오랜만에 자전거..클릿 신발..
너무 좋은 날씨에요.."
94,서울 국제 불꽃축제 관람을 위해 찾았습니다. 63빌딩을 뒤로놓고 불꽃축제 관람하기에 아주 좋습니다. 공원 크기에비해 화장실같은 시설물이 많이 눈에띄지않는점이 좀아쉽네요. 4호선 이촌역에서 내리시면 가깝구요. 용산역은 좀 많이걸으셔야합니다.
95,10월 국화가 멋지네요.
96,"어느 한강 공원을 가더라도 사람이 북적거리는 요즘입니다. 한강 북단의 공원 중 가장 한적하고 여유로운 공원으로 추천할만 합니다. 축구장, 게이트볼장, 자연 학습장, 공터가 있으며 4월~6월 사이에는 청보리 축제도 열리고 자연 학습장에서 금계국, 장미, 개양귀비,허브 등 예쁜 꽃들을 만날 수 있습니다. 인근에 공영주차장은 서너 곳 있고 주말 및 휴일에도 요금을 받고 있습니다."
97,"많은 한강공원중 어디가 사람이 적을까... 고민하다가 가보게 되었다
텐트를 치고 놀았는데 생각대로 사람도 그렇게 많지않고 뷰도 좋았다 약간의 흠이 있다면  철도가 지나가기때문에 약간 시끄러울수 있다"
98,마포대교에서 반포대교까지 산책 죠아♡
99,사람도 많지 않고 여유로운 분위기. 주차하기도 괜찮고 걸어서 이촌동 맛집 가도 되고...한강공원 중에 쉬기엔 젤 좋은듯.
100,산책로가  가장 잘되어있는  한강공원
101,자전거 타기 좋아요.
102,"모래로 되어있는 놀이터 있어서
한강산책중에 아기놀기는 좋을것같아요.

주말엔 모래놀이 하는 어린이들 많아요"
103,예쁘고 정부에서 여러가지로 꾸미고 있습니다. 사람이 적어서 더 좋네요. 산책보다는 풀밭의 의자에 앉아서 쉬기 좋습니다.
104,아름다운 공원이며 옆에 콤비니언스스토아가있고 가까이에 인라인스케이트장이있어 분위기가 차분하고 한강경치가 최고!!
105,밤에 보면 무서운곳. 한강철교에 기차까지 지나가면...
106,"다른 한강공원들에비해 사람이 적은편이라 이용하기 좋습니다 .
수영장,풋볼장, 롤라장, 식물학습원등 시설은 좋습니다."
107,여름에 그늘막 펴놓고 편히 쉬기 좋음. 다른 한강공원에 비해 가족단위가 많아 조용한 편
108,가족들 나들이하기 좋고 그늘막칠수있는 공간 따로 있어서 날 좋을때 놀러가기 좋음. 한강 남쪽보다 덜붐벼서 더 좋음.
109,가족들과 나들이 코스
110,사람들이 많이 없고 잔디가 잘되어 있어서 편해요. 인라인스케이트장도 잘되어 있어요.
111,"현재는 한강변 호반공사로 인하여 제한이 있지만 가족단위 또는 레저를 위한 취미활동 축구, 농구, 족구, 로라스켔트, 자전거 라이딩, 텐트족, 낚시등 잘 조성되어 있습니다"
112,초가을의 정취가 끝내줬습니다  반려견 주인들은 배변은 치웠음 하구요  본인이 먹은 음식물쓰레기 처리는 꼭 잘 하도 돌아갔음 합니다
113,"사람들이 모를 때 이 곳은 더 좋았다.
불꽃축제 때는 일부 통제한다. 주차장이 협소한 관계로 돌아가는 수 밖에...
그 외에는 항상 옳다."
114,"반포 한강공원보다 한산하고 강아지랑 산책하기 좋습니다.
뷰도 한강 북쪽에서 강남쪽 바라보니 좋네요~"
115,깔끔하고 산책하기좋아요
116,대학교 친구들과 근처 에어비엔비 예약해서 왔다가..산책했는데 야경이 너무좋고 요즘 선선한 날씨까지 어우려져 너무 좋았습니다~~~
117,"다른곳에 비하면 한산한편입니다.
편의점 주인아저씨가 화를 잘내서 -1점ㅋ"
118,한강공원 중 조용해서 제일 좋아하는 곳
119,자전거로만 지나치다가 걷기운동삼아 지나가니 평소 못보던 것들도 보이고 좋군요.
120,불꽃놀이를 보러 갔었는데 차가 너무 막혀 걍 도로위에 있었어요
121,자전거 한 시간에 3000원
122,한강 즉석 편의점 라면
123,가족들이 좋아했습니다 잔디밭
124,내 산책길... ㅎㅎ
125,이쪽은 그나마 청소가 잘되어 있는편이긴하나 그래도 너무 더럽다...조명이 더 있었으면 좋겠음.어두운곳이 많음.
126,조용히 쉬기에 제격!
127,플로킹 행사  했습니다
128,한가롭게 쉬기 좋은 장소입니다. 그늘막텐트 허용구간이 따로 있으니 참고하세요.
129,"저녁에 돈내기 싫어서  인도랑 자전거도로 막고 있는 차량가 있어서 너무 화가났는데 아무도 관리를 안하시더라구요;
주변에 물어봐도 자기 관리 아니라고 하시고 ㅋㅋ"
130,숲 공작품 어린이놀이터 농구장등 여러 가지가 잘 어우러져 가벼운 운동하기 좋아요
131,여름이 되면 낮에는 더워죽는다... 강 주변이라고 해도 온도가 다이나믹하게 낮아지진 않으므로 저녁에 오십시오.
132,"교통이 불편한 것만 제외하고는 주말에 친구들과 놀러, 혼자 쉬러, 운동하러 아니면 강아지와 산보하기에 참 좋은 곳같아요."
133,"시원합니더.
걷기도, 자전거 타기에도 좋습니다.
나만의 시간을 보내기에도 좋구요."
134,"상대적으로 여기는 사람이 많지 않은 한강공원 자전거 타고 지나가거나 산책 삼아 걷는 사람들은 제법 있다.
쉬어 있을 만한 곳이 부족해서 머물러 있는 사람이 적은 곳"
135,글라이더를 날리기에 매우 적합한 포인트. 길게 뻗어있는 언덕으로 높새바람이 쉬질 않는다.
136,커피 한잔에 강가를 바라보며 사색하기 좋고 산책하기도 넘 좋아요
137,자연학습장은 어린 자녀아이들과 부담없이 가기에 최적의 장소에요.
138,"깨끗하고 축구교실도 있고
장어낚시도 할수도있고
여러가지할수 있는것같애서
좋습니다"
139,"달리기코스로 굳굳
편의점서 먹을거 충전 가능"
140,새벽엔 역시 라면이지!
141,이곳은 다른 한강공원 대비 찾는 사람이 적어 강아지 뛰어 놀기 좋아요
142,경치좋구 모기많고...
143,경치가너무멋져요
144,"여의도 전경과 한강 그리고 하늘과 구름이 멋진곳...
답답함을 달래줄 수 있는곳"
145,편의시설이 잘되어있어서 산책하기 좋아요
146,께긋하고  편리시설이  잘되어있씁니다
147,한강을 끼고 이런공원이 있다는 것만으로도 큰 축복이죠
148,많은 사람과 시설이 있으나 방문전에 무엇을 랄 것인지 사전 계획이 필요 하다
149,"노을이 질 때 너무 아름다운 곳
빛나는 대교로 야경도 너무 예뻐요"
150,겨울이면 공원주위에 눈이 소복히 쌓여 있어서 머무르기가 좋지않아요
151,불꽃놀이 축제  카메라  구경
152,운동 하면서  한강구경 적합
153,한강쪽으로 공사중이고 자잔거길 옆으로 도보가 좁게 있어서 위험하기도하고 걷기에는 문제가 많아서 현재는 비추임.
154,턱걸이기구등 운동시설이 잘 갖추어 있어요
155,조경이 잘되어있어 좋습니다.산책하는 사람들 많아요~
156,놀이터와 주차시설이 잘 되있어서 아이들이 놀기 좋습니다.
157,이촌역에서 접근하기엔 거리가 멉니다. 저녁에 운동하기 멋진 장소입니다.
158,베르가모앞에서 따릉이 빌려서 성수대교까지 다녀오기 아주 좋은 길
159,한강라면을 먹을수 있어요
160,"산책하기엔 더없이 좋은 곳.
자전거만 조심하면 된다."
161,원래 좋은데 미국사람들 때문에 많이 더러워요. 그놈들 쓰레기를 엄청 버려 우리 나라에서 !!!
162,강북에서 여의도지역 야경  감상에 좋은 곳입니다
163,강아지산책하기너무좋음
164,자연친화적 강변뷰가 어느 시간이든 사계절 모두 좋아요
165,"한강, 야경, 갬성, 성공적."
166,최고의 뷰와 컬렉션 그리고 즐거움이 가득한 시원한곳입니다.
167,한강공원 중 베스트
168,강변 산책로 조성 공사가 마무리된 듯. 이제 미세먼지만 줄어들면 좋겠는데.
169,다른 한강공원에 비해서 사람이 덜 붐빕니다. 한적한 나들이를 위한 공원입니다.
170,개발하긴 해야하는데 이대로의 모습도 적당히 남아있었으면.
171,일몰경이  넘 아름답습니다
172,서울에서 여유를 느낄 수 있는 몇 안도는 장소
173,"사진찍기 좋은 뷰포인트!
여의도가 한눈에 들어옵니다!"
174,아주 훌륭하지요
175,다른 한강공원에 비해 한적해서 휴식하기에 좋았습니다^^
176,도보길이 안전하고 좋아요ᆢ미세 먼지없고 청명~
177,인라인 전용정 강추에요
178,산책과 자전기 타기 잔디밭 가족 피크닉 좋아요
179,쉴수 있는 공간이 많아요
180,계절을 담는 곳..
181,한강이어서 그런 지 걷기도 좋고 가을 쯤에는 강가바람이 불어서 선선해요!
182,이촌동과 붙어있어서 편의시설이 제일좋은 한강공원
183,한강변 공원 가운데 여의도 다음으로 멋진곳. 세번째는 반포...
184,오늘은 가을 정취가 물씬 풍기네요♡♡♡
185,맞은 편의 건물들도 너무 아름답고 잘 보였습니다
186,요즘 같은 날씨에 자전거 타기 정말 좋습니다.
187,한강철교 및에 놓여있는 북극곰은 빨리 치워야 한다
188,넓은 곳이 많아 공차기가 좋네요
189,지금은 공사중이라 그런지 아쉬웠는데 다음에 오면 만족할 만한 뷰
190,다른 한강공원보다 쾌적해서 행사하기 좋아보여요.
191,항상 좋아
192,산책하기 좋은.  나무그늘이 적어요
193,놀이터가 신나요
194,맑고 푸른 하늘 아래 우리의 한강을 조망하며 휴식을.....
195,라이딩했어요
196,최고의 산책코스
197,도시에서는 가장 중요한 것이 호흡 하술있는그곳
198,흡연구역도 있음
199,산책길로는 최고지요
200,그냥 한강공원 아이들 데리고와서 그늘막치고 아예 살림차린듯한 사람들 보면 인상찌뿌려짐.
201,편의점의 불친절
202,자전거타고 갔는데 너어무 좋음
203,산책하기 좋아요 불꽃축제 명당
204,저녁에 강 바람에 걷기에 굳
205,한국 최고의 공간
206,시민공원으로 휴식하기 좋은 장소
207,편의시설이 약간 부족하네요
208,새로 단장해서 산책하기 좋아요
209,코로나로 갑갑한 집안에만 있지 말고 시원한 강가에 나와보시죠.
210,엄청 좋아요 넓고 탁 트여있습니다
211,한강 여의도 뷰를 한눈에 볼수있는 곳
212,여름엔 더움. 시원한데서 경치구경하면 좋을듯
213,산책코스가 잘 정비되어 있음
214,시민들이이곳에서자유롭게이용할수있는곳
215,날짜  확인 필수
216,가깝고 좋네요. 자전거타고 매번 감
217,아주 좋은것 까지는 아니지만 그런데로 좋습니다.
218,"주차시설, 생태학습장, 고수부지시설 최고!!!"
219,라이딩중 휴식하기 좋은지점 입니다
220,여관
221,입출구가 불편하고 주차장도 너무 협소해서 불편한점이 많았다
222,한강공원중에 이촌을 제일 좋아해요.
223,루어낚시
224,불꽃축제 명당
225,여기는 일주일에한두번은 지나가지요. 짚라인도있어요.
226,핑크 펭귄을 구경하세요.
227,붐비지 않고 관리잘된 아름다운 한강공원
228,도시의 작은 시골향취가 느껴지는 곳이네요.
229,한강과 공원이 잘 어울리는곳이라
230,자전거타기 좋아요ㅎㅎ펼쳐진 풍경이 예쁩니다
231,사람많이없는 경관좋은곳
232,지금 공사중
233,좋은 쉼터. 아아들과 함께라면 최고
234,요즘 날씨에 좋아요ᆢ백만불
235,시민공원이 더 많이 생겼으면좋겠네요
236,여의도뷰가 가장 이쁜 곳
237,탄산물 조아조아 나머지는 기냥기래요
238,동작대교 밑 제2주차장이 좋은것 같아요
239,강아지 산책으로 좋아요
240,좋아요
241,한강과 강남을 보며 한가한 산책을 즐길 수 있습니다.
242,좋아요~~^
243,한강 경치를 조망할수 있는곳^^
244,그냥 한강  주차장 좁아서 차끌고가가 불편  걸어가기도 불편
245,산책하기 좋은 곳
246,여의도 불꽃축제 최적의 스팟
247,특별한거 없음.. 그냥 한강공원
248,운동하기 좋고  산책하기 좋아요
249,그저 걷기.
250,한강 조깅  로드길  아침마다  운동을 간다.
251,남녀노소 가족동반 산책하기 좋음.
252,걷어보기엔 환상적장소입미다
253,아름답고 운동하기 딱이예요
254,주차 하고 공원까지 거리가 멀어요
255,한강은항상마음에안식처입니다
256,산책장소로 좋음
257,저전거 타다가 쉬기 좋은 곳
258,자전거라이딩 하기좋은곳.
259,정성드린 음식 좋아요
260,산책하기 참 좋다
261,그냥 언제든 좋아요
262,예술작품이 많아요.
263,아이스크림 케이크 맛집
264,사장님 부부가 친절해용
265,자전거 타기좋아요
266,시원한 봄날을 즐겨요
267,너무 한가롭고좋아요
268,자연과 하나된 모습...
269,주말에 피크닉하러가세요 ㅎ
270,석양은 멋지지만 그거 말고 없음
271,자전거타고가기쉬워요
272,달리기하고 편의점에서 맥주한잔개꾸르
273,산책 하기 좋아요
274,경치가 너무 좋아요
275,좋죠 한강은 언제나
276,자전거 타고 가고 있어요
277,깨끗하고 좋습니다 ㅎㅎ
278,시민들의 휴식처..쪼아요..
279,여름에 놀기좋겠어요.
280,산책 하기 좋은 곳
281,아쥬좋아요^^♥♥♥
282,너무좋아요^^
283,쿄ㅐ적해용
284,한강공원은 최고입니다
285,산책의최고장소
286,산책. 자전거 다양하게
287,가장 사람없는 여유로운 한강공원
288,한강은 언제나 최고
289,👍…
290,멋있멋짐조용최고
291,경치가조아요
292,이촌동의 밥값을 버티는 공원
293,한강은 모두 좋습니다.
294,산책하기가 너무 좋았음
295,20119세계불꽃축제
296,바람 솔솔 모기없음 천국
297,좋아 산책하기에
298,"산책, 조깅에 최고"
299,이촌동사람들은좋겠당
300,가격쌈...맛
301,ㅁㆍ멋지네요
302,"저녁노을 산책하면서,,,"
303,싸이클로 갈수있는 곳
304,야경맛집입니다.
305,조형물이 그로테스크하다
306,접근이 어려움
307,경치가 좋아요
308,쉬기 좋은 장소
309,넓은 잔디밭
310,매우좋습니다
311,덜붐비는 한깅공원.
312,한강
313,산책하기 좋은곳
314,한적합니다
315,대박
316,좋아요
317,굿굿
318,좋음
319,굳굳
320,용산구 이촌동 시민공원
321,그냥
322,조음
323,아름답습니다.
324,좋아..
325,추워요
326,가족의 쉼터
327,치킨최고
328,2018 해돋이
329,넘 멋져유
330,가족나드리 일번지
331,산책 운동
332,너무너무좋아여
333,젊음의 광장
334,커플데이트
335,이촌 한강 공원에서
336,조아요
337,불꽃놀이
338,붸리 굿
339,재미서
340,동네 산책로
341,야경 굳
342,굳 !
343,조아용
344,조아여
345,좋아요
346,좋음
347,이촌역까지 걸어가기 그리 멀지 않아요. 서울불꽃축제 때문에 왔어요. 사람은 많았지만 그래도 질서정연했어요. 반대편 풍경도 꽤 괜찮아요. 내려오면 가실 수 있어요. 마포대교에 도착합니다. 밤에는 물이 있습니다. 빛의 댄스쇼가 아름답습니다.
348,"평화로운 산책. 바람, 새들의 지저귀는 소리, 도시의 전망을 좋아합니다...반려견 동반 환경개들이 산책되는 것을 본"
349,"아침 조깅에서 들르는 곳입니다. 한강의 해안에는 63빌딩이 솟아오르고 여의도를 한눈에 볼 수 있는 장소가 있습니다(^^) 200430
8/4에서 호우로 한강이 증수했고, 8/6에는 이 일대가 완전히 수몰했다. 증수시의 모습과 그 후입니다. 200805, 200813, 200817"
350,"여느 한강 공원과 마찬가지로 이 곳 역시 저녁 시간이 좋고 주말 피크닉 장소로도 좋습니다.
다른 한강 공원에 비해 규모는 작지만 관리가 잘 되어 있어 편리합니다.
주차 공간이 많고 앉아서 평온함을 즐길 수 있는 열린 공간이 있습니다.
그 장소에는 편의점도 있습니다.
자가용으로 가는 것을 추천합니다."
351,다른 공원에 비해 뷰는 별로 좋지는 않지만 꽤 괜찮습니다
352,"좋은 장소이며 전용 자전거 도로, 많은 녹지 및 스포츠 경기장이 있습니다. 화장실과 식수대도 고르게 배치되어 있어 매우 편리합니다. 좋은 날씨에 와서 시간을 보내기 좋은 곳이에요."
353,한강의 전망을 감상할 수 있는 아름다운 장소! 강 건너편에는 여의도도 보입니다!
354,"이촌한강공원은 중랑천교와 원효대교 사이 강 북쪽에 위치해 있다. 강변을 따라 갈대, 억새, 코스모스 등 계절별로 아름다운 꽃과 식물이 자라고 있어 산책은 물론 가족 나들이 코스로도 인기가 높다."
355,"휴식을 취하기 좋은 곳입니다. 평화로운.
그리고 야경도 좋아요. 하지만 차가 없으면 가기 힘든 곳이다."
356,멋진 일몰 전망과 피크닉을 즐기기에 편안합니다!화장실깨끗한 화장실!
357,강변을 따라 있는 공원에서 하루를 보내기에 좋은 장소입니다. 잔디가 있는 개방적인 공간을 제공합니다. 햇빛을 피할 수 있는 텐트와 휴식을 취할 수 있는 캠핑 의자를 설치할 수 있습니다.
358,"복잡하고 시끄러운 도시생활에서 신선한 공기를 느낄 때마다 한강 근처 도시공원으로 가보세요.
한강변공원에 갔는데 막힘도 없어서 시원했고, 앉아서 물 흐르는 모습도 편안하게 느껴졌습니다.

아이들이나 가족과 함께 와서 쉬어가기 좋아요."
359,"서울에서는 보기 드문 달리기, 산책, 자전거 타기에 좋은 곳입니다."
360,"산책도 하고, 자전거도 타고, 아이들과 함께 피크닉을 즐기기에도 좋은 곳입니다."
361,좋고 평화롭습니다. 공원 옆에 주차하세요. 많은 조각품. 저녁에는 전망이 좋아요
362,강변 산책로가 있는 넓은 공원 지역.
363,"좋은 산책, 좋은 전망, 재미있는 예술."
364,한강을 따라 산책하기 좋은 곳
365,걷고 뛰기 좋은 곳
366,가족과 함께 산책하기 좋아요
367,한강변 공원 중 하나. 지하철 이촌역 4번출구에서 도보로 15~20분 소요됩니다. 즐길거리가 별로 없었습니다. 그늘이 별로 없기 때문에 여름에는 방문하지 마세요.
368,강 북쪽에 있는 한강 공원은 (슬프게도) 남쪽에 있는 공원만큼 좋지 않습니다. 전망과 분위기는 그다지 좋지 않으며 종종 접근하기가 조금 더 어렵습니다. 하지만 확실히 사람들의 이동이 적고 따라서 더 평화롭습니다!
369,서울국제불꽃놀이 때 한강 이편에 갔어요. 불꽃놀이 장소는 여의도 쪽보다 조금 더 가깝지만 장소는 더 작습니다. 불꽃놀이를 가까이서 보고 싶다면 조금 일찍 도착하는 것이 현명할 것입니다. 또한 나무가 시야를 가리므로 높은 곳을 선택하세요. 건배!
370,한강 최고의 휴식 장소 중 하나가 너무 좋았어요!
371,아침 조깅이나 저녁 산책을 즐기기에 좋은 장소놀이터풍부하다화장실풍부하다반려견 동반 환경좋아요피크닉 구역풍부하다
372,아름다운 곳. 평화로운 분위기.
373,낮에도 저녁에도 산책하기 좋은 곳
374,놀라운 장소..
375,사람도 많지 않고 풍경도 좋아요. 강아지 산책하기 좋은 곳
376,호수 옆에 있는 공원이에요. 자전거를 타고 공놀이를 하기에 좋습니다.
377,"산책과 자전거 타기, 피크닉을 좋아합니다. 주차 가능"
378,매우 조용한 공원으로 휴식에 이상적입니다. 아름다운
379,아들과 저는 이 공원을 하루종일 걸었고 매우 기뻤습니다 :)
380,이 공원 근처 어디든 놀랍습니다. 그게 전부입니다.
381,쉬거나 놀기 좋은 곳.
382,좋은 곳인데 거기 가서 다행이었어
383,도심 속 멋진 휴양지!
384,내가 가장 좋아하는 장소 중 하나
385,자전거 타기 좋다
386,돌아다니기에 시원해요
387,서울의 안전하고 상쾌한 곳
388,비싸지만 맛있다
389,피크닉에 좋음
390,그저 그래
391,런즈앤로지스
392,좋은
393,좋은 장소
394,이와 같이
395,여기가 좋아
396,좋은 장소
397,최고의 장소
