,양화한강공원리뷰
0,아주좋습니다
1,날씨가 풀렸다. 구글은 어떻게 풀렸다를 번역할 까? 사람들이 제법 돌아다닌다. 사람은 자전거 조심. 자전거는 사람 조심. 생각 좀 하고 걸어 다니고 자전거 터라.
2,운동장소 최고
3,"선유도와 근접해서  좋음. 선유도를 가지 않아도 공원 폭이 넓고 잔디가 잘 깔려있어서 피크닉하기 좋음. 중간중간 편의점도 있고 공중 화장실도 있으며 양화대교 아래에는 운동기구들이 있어서 유용함. 축구골대와 농구 골대도 있어서 운동하기도 정말 좋음. 양화대교를 통해서 선유도로 갈 수도 있음. 2, 9호선 당산역과 9호선 선유도역이 근접해 접근성도 좋음.주차공간도 몇군데 있고 주차면수도 많음. 봄 여름 가을 데이트나 피크닉 장소로 아주 좋은듯.놀이터양화대교 옆에 위치. 모레바닥 아니고 우레탄화장실중간중간에 공중화장실 있음반려견 동반 환경반려견 동반 가능피크닉 구역거의 모든 구역 가능"
4,한강의 멋진 전망
5,전용 산책로가 있어 조깅하는 사람과 자전거 타는 사람에게 이상적인 서울의 거대한 공원입니다. 짧고 긴 회로.
6,"물과 풀이 있는 좋은 공원, 가을에 석양 무렵은 한폭의 그림"
7,여긴 그래도 사람적음
8,여기서 지금 여자친구랑 1일이 되었네요. 오래오래 행복하게 만나겠습니다. 서로 많이 예뻐해주고 아껴주도록 하겠습니다.
9,봄과 여름에 주말을 보내기 가장 좋은 장소 중 하나
10,너무좋아요 굿굿
11,"잠시 산책하러 가는곳인듯.
편의점도 작고 한강도 잘 안보임."
12,"산책도하면서,여유를즐길수 있어요"
13,자전거타러나가기조아요
14,좋아요
15,훌륭한 공공 자원입니다. 밤에도 안전하고 아름답습니다.
16,저녁먹기전 산책 다녀왔는데 예전에 비해 많이 가꿔지고 쉴곳이 많이 생겼네요.주차도 편리해서 자주 갔었는데 차 말고 걸어서 다녀야겠습니다.
17,굿
18,좋은
19,자전거타고 가봄.
20,"공원에 간건 아니고, 자전거 타고 양화대교 건너다가 본 것이 전부입니다"
21,목가적 분위기의 한강공원입니다.
22,"강을 따라 시설이 잘 갖춰진 공원, 피크닉 장소, 시립 수영장, 반려견 보호 구역, 지구 전체를 둘러싸는 22km 길이의 자전거 도로, 보행자 구역, 벤치, 화장실, 분수, 야외 체육관, 미니마켓이 있습니다. 모든 곳에서 도시 스카이라인과 다리의 전망을 감상하실 수 있습니다. 도시 주변을 크루즈하는 보트도 이 공원에서 출발합니다."
23,"이상한 아줌마 아저씨들이 자전거를 타고와서

술판을 벌림...ㅋㅋㅋ"
24,걷기 좋아요
25,놀면서 낚시를 쉬어보세요
26,"온실과 내부 편의시설이 최고입니다
여인들과의   차한잔하시면  따봉입니다"
27,그냥 한강변에 있는 다른 공원과 별 차이 없이 주변 사는 사람들이 쉬러 오기 좋은 공원
28,저녁에 시원한 바람과 함께 산책하면 최고입니다
29,좋음
30,❤️❤️❤️❤️
31,양화대교 남단에 위치한 고수부지 공원으로 시민들이 산책겸 소풍장소로 많이 이용한다
32,한강을 건너는 바나나보트를 탈 수 있어요.
33,형편없음
34,"■ 서울 수변공원중 으뜸

ㆍ 아마도 내가 아는한 서울의 수변공원중에서는 양화한강공원이 필드뷰와
한강뷰 모두 최고로 멋진 곳이 아닌가 싶다

ㆍ 제 1, 2 주차장이 비좁은 것을 제외하곤 단점이 거의 없는듯

ㆍ 선유도공원과 마주한 이곳은 잔디밭이 풍부해 도로면에 가까운 곳엔 시민들이 설치한 그늘막이 군데 군데 놓여
있고 한강면이 가까운 곳엔 돗자리와
비치의자, 간이테이블 등이 점거하고 있다.

ㆍ 이곳엔 한강 전망대와 카페, 놀이터,
매점, 화장실과 자전거 도로 등의 편의 시설이 있어 하루종일 휴식을 취한다 한들 불편함을 전혀 느끼지 못할듯 ~

ㆍ 이곳에서 휴식을 취하는 시민들을
보며 마치 이곳이 미국이나 호주의 도시공원 같다는 생각을 했다."
35,강바람이 시원합니다
36,"평일 낮에 조용하고 화장실도 깨끗하고 좋았습니다
편의점이 있어서 더 편리했어요"
37,산책하기 좋음
38,당산역에서 엄청 가깝습니다. 한강은 서울의 젖줄 늘 최고지요
39,양화한강공원에서 여의도 방면으로 강아지와 산책겸 들렀는데 강아지 산책로로는 좋지않았음. 길이 끊기고 좁고 자전거도로와 너무 가까워서 위험했음. 사람만 산책한다면 생태공원길도 있고 나쁘지 않음반려견 동반 환경여의도한강공원쪽으로는 길이 끊기는 부분도 있고 자전거도로와 너무 가깝고 좁아 위험했음
40,한강라면은 언제나 맛있어요~
41,넓고 깨끗해요 산책하기 좋아요 당산역에서도 가까워요
42,"자전거  라이딩 중에  식사 함.
한강라면 맛있다"
43,햇살이 따사롭고 주말에 여유로운 한때를 즐겼습니다
44,산책하기 좋다옹
45,덜 붐비는 지역을 찾고 있다면 여의도보다 더 나은 선택입니다.
46,가볍게 산보하기 아주 좋습니다. 한강을 제대로 느키실수 있습니다
47,한강을 가까이 할수있는 동선이 좋습니다
48,좋은 공원
49,다른 한강공원과는 조금 다른 분위기.. 한강이 바로 앞에 바다처럼 있어요.
50,"자전거의 쉼터
물 받는곳이 여기있음"
51,힐링하기 좋아요
52,자전거 타기 좋아요
53,가끔 가는 곳. 이번에는 지인들과 만나 식사 후 한강공원에서 걷기를 함. 봄이라 그런지 사람도 많고 특히 벗꽃이 활짝 피어 저녁임에도 불구하고 마음을 설레게 한다. 오랜만에 한강 바람을 맞으며 걸으니 정말 기분도 좋고 행복한 사람들과 함께 하신 더욱 기분이 좋다. 좋은 일들만 다 가득하길..  하는 일들이 다 잘 되고 번창하길..
54,힐링~
55,"밤에 맥주 하나들고 조용히 산책~
꽤 큰 매점이 있어 좋아요~"
56,편의점이나 음식판매하는곳이 컨테이너박스에서판거같아별로..
57,"산책 다녀왔는데, 산책로 너무잘되어있고 주차장도 넓어서 주차하기 편해요 ^^"
58,"제주도의 하이라이트
유채꽂밭 출입비용 1000원
입니다"
59,"아직 날씨은 바람이 차서 쌀쌀했지만, 산책하며 기분전환으로 아주 좋았습니다!:)"
60,횔기차고 좋아요
61,한강공원들중 나름 풍치있는 곳입니다~ 또한 넓은 공용주차장이 있어 편니하기도 합니다~
62,산책하기 좋은 곳
63,아라뱃길 라이딩 가는 중에 쉬면서 따끈한 커피 한 잔
64,"봉제산부터 가양대교 지나
한강공원 월드컵대교 당산철교 ,
여의도 증권빌딩
국회의사당 까지
자전거 여행"
65,시기적으로 뭘 보려니 하지않았고 지나가는 길이었는데  코스모스가 것두 실하게 큰송이로 넓게 펴있어서 눈호강을 했네요
66,한적한 한강공원을 원하시면 이곳으로~^^
67,날 좋은 날 가자
68,운동하기 좋고 피크닉 강추
69,화장실이 있어서 좋았다
70,코스모스가 한창이라 엇지네ㅛ
71,코스모스는 다른 곳도 많이 있으나 여기가 가장 이쁜거 같습니다
72,정말 매력적이다
73,자전거 타고 쉬는곳
74,"낮은 흐림, 쓸쓸한 작은배.... 막걸리 사가지고 집에 가야겠다..."
75,왜냐하면
76,주차비 이제는 주말도 유료
77,"주기적으로 찾는곳, 언제든 각종 레저활동 및 여가를 즐길수있는곳으로 도시인들의 힐링명소가 아닐까 합니다"
78,"가족나들이, 피크닉 장소로 좋아요"
79,좋아요
80,자전거 라이딩중 지나감
81,나는 이곳이 정말 감사하다는 것을 배웠다
82,런닝하거나 기분전환하기좋은 곳
83,한강공원 중 가잘 배스가 잘 잡히는 곳. 그리고 아이들데리고 산책나오기 가장 좋은 환경.
84,🫰🏻 🫰🏻…
85,"한강 공원 라면중 젤 맛없음..
같은 기계인데 왜 그럴까?
기본적으로 너무 지저분함"
86,굳굳굳
87,쾌적하고 버드나무가 많은 공원
88,방문. 운동. 휴식하기 좋은 곳놀이터아이들도 어른도 놀기 좋다화장실깨끗하고 사용하기 편해요피크닉 구역놀기 좋아요
89,"한강공원에서는 걷기, 자전거 타기, 놀기 등을 할 수 있습니다."
90,경치좋아유
91,한적
92,항상 힐링 및 산책 가능한 최애 장소!
93,한강공원은 언제가도 너무 좋습니다
94,선유도 공원을 가시려면 제2주차장에 차를 대세요
95,하늘이 매우 이쁜 계절
96,그늘진 곳이 많아 좋다
97,"당산역에서 내려서 지하도보로 걸어가면 나옵니다
8월 저녁의 강 바람도 좋고 산책하기 괜찮은 장소 입니다"
98,여기명당 편의점옆에 내려가는길
99,자전거타며 한강을 지나갈때 아름다운곳
100,좋아요
101,좀 더 밝고 안전장치가 더 확충되었으면 합니다.
102,당산역에서 꽤 가까운 한강을 따라 산책하기 너무 좋은 공원이에요. 그리고 당산역 4번출구 옆에는 여의도 사진찍기 좋은 곳도 있어요.
103,한강공원중엔 평범해요
104,아이들과 시간보내기 좋은곳 입니다.
105,좋죠
106,"양화대교 남단.
다리 아래 화장실 있음."
107,정말로 걷기와 운동하기가좋은곳입니다
108,"자전거로 또 도보로 자주 방문하는 곳입니다.
선유도공원과 선유교로 연결되어 더욱 자주 방문하게 되는 곳입니다."
109,자그마한 장미터널과 그늘막설치 가능한 곳이 있어요. 주변에 사신다면 들려보시길. 그리고 선유도 방문 추천합니다.
110,💕🥰💯…
111,걷기좋아요.깨끗하고
112,깨긋해오 주차도편하고
113,운동하기 너무 좋아요..한강이 바로 있어서 너무 좋아요
114,"선유도공원 가는길에 잠시 들어가 보았고
장미단지에 피어난 아름다운 장미🌹꽃들과 함께 주변에는 다양한 동물 모형의 조형물도 있어서 가족나들이도 좋을 것 같습니다.…"
115,"이 작은 장미 터널과 함께 사진을 찍으려면 양화한강 1번, 2번 주차장에 주차한 뒤 다리 방향으로 걸어가면 다리와 공공운동시설을 지나 계속 직진하면 된다. 노란 꽃밭(지금은 거의 다 녹색)을 지나 텐트지역을 지나갑니다. 거기에서 새끼손가락이 있는 곳을 찾을 수 있습니다. 미니스톱 한강 양화 2호 근처에 있습니다. 지난 일요일에 거기에 갔는데 여전히 괜찮았습니다. 거칠어지기 시작했습니다."
116,"장미공원? 터널? 을 기대하는 마음으로 방문했는데
생각보다 자그마하네여 ㅎㅎㅎㅎ
많은 분들이 사진찍기 위해 줄을 서계셨구
아예 각잡고 찍으시는 분들도 꽤 계시더라구요 ㅎㅎㅎ
ㅅㅏ람들 많은 건 백번 이해하는데 ㅎㅎ 장미구간이 너무 소박해서 아쉬웠어요 ㅎㅎㅎ
나머지는 걍 걷기 좋구 눕기 좋구 앉기 좋은 평화로운 한강 공원~~ 역이랑도 가깝고~~(당산역 선유도역 다 가능~) 조아여 ~~~"
117,그냥 집이 근처면 갈만 한 정도
118,해양소년단훈련장이 있는 서울 양화조종면허시험장
119,자전거타기 좋아요
120,음...  한강에 명상을 하러 갔는 사실상 낮잠자러 간 결과가 됨.. 2시간 놀다가 옴. ㅜㅜ.특징바비큐 그릴: 아니요
121,"산책코스길이 강변하고 살짝 떨어져있어요.
탁 트인 전망은 아니에요. 수풀우거짐"
122,주위풍경이 평온하고 힐링되는곳입니다 평일에 가셔야 한가집니다
123,사람도 많이 없구 저녁에 산책하러갔는데 너무 좋았어용!
124,정말 최고의 장소입니다
125,"자주찍는 사진 명소들이 있어서 좋은듯.
아는분들만 찍는곳이 있어요."
126,"다른 한강 공원보다 규모는 작아요. 하지만 사람도 덜 모이고 더 한강하고 가깝게 앉아서 시간 보낼 수 있어서 좋아요. 근처 미니스톱에서 다른 한강 공원처럼 라면도 먹을 수 있습니다. 다만 지하철 지나다닐 때, 시끄러운 점만 조금 문제 같아요. 양화대교 전망쉼터, 선유카페 여기가 개장하면 더 좋을 것 같아요."
127,"청명한 하늘 적당한바람  깨끗한공원
모든것이 완벽했다"
128,픽시타는 급식들 따릉이타는 무개념커플 과속질주하는 팩라이더들 환장의 콜라보 명소
129,잔디에 누워 하늘을 보라!
130,2인용자전거 임대는 양화1주차장으로 주차하세요
131,퇴적물 영등포
132,주말은 피하세요 자전거 너무 많아 정신없어요
133,"처음으로 YRNB 6K Run 성공한 장소
다음에는 피크닉으로 올 예정😏…"
134,한강은 언제나 굿
135,날씨 좋은날 가면 좋음
136,서울시내에 근접성 뛰어난 경관수려한 곳
137,아무래도 63빌딩 아래 공원이랑 비교는 안되네요. 그래도 그냥저냥 잠쉬 쉬다오긴 좋아요.
138,"야간에 방문했고 주차 편하고 깔끔하며 편의점 가깝고 직원도 친절하며 시원하고 사람 많고 좋았습니다.
지인과 같이 갔는데 대화하기 좋았던것 같습니다."
139,지하철과 접근성이 좋아요
140,"주변에 벚꽃구경하기 매우 좋으며
주변에 당산역 2로선이 있고 편의점등도 있어서 산책하기 매우 좋은 코스입니다. 자존거 대여도 좋고
봄에 데이트하기 좋은코스입니다"
141,자전거를 타면서 더 아름다운 곳이라고 알게된 장소
142,"그림같은 풍경이 멋진 곳입니다. 봄, 가을에 피크닉하기 정말 좋아요~"
143,봄이네요
144,걷기 좋은 산책로. 자전거 도로가 잘 되어있고 조깅하기 좋아요.
145,숨이 쉬어지는곳
146,선유도 공원하고 연계하여 볼 수 잇어서 좋음
147,한강변 산책도하고
148,산책하기 나쁘지않음
149,산책하기 좋은 곳
150,춥다..나쁘지않은 산책길
151,자전거 라이딩코스
152,전망좋고 운동기구도 많아 건강관리에 좋음.
153,좋아요
154,좋아요 !
155,운동하고 전망이 좋음
156,산책하고 운동하기 좋은 장소입니다.
157,서울의 시드니보타닉가든
158,좋아요!
159,무난띠
160,"주차장넓고 가볍게 산책하기좋아요.
카패가 따로없어서 편으점에서 모든 먹거리를 해결해야해요!"
161,굿
162,한강이 있어 가슴이뻥뚤리는 기분
163,좋아요
164,자전거 타기 좋아요
165,한강공원 중 가장 깨끗한곳
166,선유도살고싶은이유
167,"공기가좋고
운동하시는분들이많아서
너무좋습니다
물론풍경도좋구요"
168,다른 한강고수부지에 비해서 조용해서 좋아요
169,"서울의 한강 옆에서 피크닉, 자전거, 산책을 즐기기에 좋은 곳입니다."
170,"작지만 좋아요
조용하고 걷기 좋아요
주말 저녁에 갔는데 화장실도 너무 깨끗해요
남자 관리자분이 너무 깨끗하게 관리하고 계신것 같아서 기분좋게 시설 이용했어요"
171,좋아요
172,좋아요
173,자전거 타기 좋음 🚴‍♂️…
174,애들이랑가기좋음
175,피크닉을 즐기기 좋은 곳!
176,노을도 야경도 너무 예쁜곳
177,사람도 많지않고 좋았습니다
178,좋았어요
179,한강은 풍경과 바람이 다 해주는 거죠
180,👍…
181,괜춘함
182,좋아요
183,코로나 단계가 낮아지면 쉬면서 힐링하기 좋을듯...
184,쾌적하고 경관이 아름다운 공원
185,좋아요
186,한적하고 억새인지 갈대인지 풍경이 괜찮았어요
187,산책하기 좋음
188,"자전거로 자주 라이딩하는 곳인데, 이곳은 그 바운다리가 제법 길고 크다. 선유도도 있고 진입하는 곳도 여러곳인데, 여의도쪽에서 가는 자전거도로는 넘 협소하다. 특히 양화대교 부근의
편의점 앞은 항상 위험이 도사리고 있는 곳이다. 이번에는 선유도 선착장 겸 아리수만찬 선상 음식점 부근의 동영상도 촬영해 내 블로그에 올려 보았다."
189,"여의도 샛강 하구에서 강서구 가양대교까지로 한강남단에 위치하고 있습니다.둔치에 넓게 조성된 잔디밭에서 바라보는 탁 트인 전망이 다른 곳에서 쉽게 보기 힘든 풍광을 제공합니다.
인근에 선유교를 건너면 환경재생 생태공원인 선유도와 성산대교 부근의 세계최고의 높이를 자랑하는 202m 월드컵분수로 인해 더욱 아름다운 곳으로 자리잡았습니다.여의도 샛강 하구에서 가양대교까지 연결된 자전거도로가 있으며, 선유교 아래 자전거도로변의5월부터 꽃피우는 아름다운 장미꽃이 유명하여 연인 및 가족과 함께 사진 찍기에 좋은 곳입니다.
* 여의도하류 와 양화대교 아래 낚시도
가능.
*대중교통편리:2호선)당산지하철 4번출구~육교보도 숭강장~한강공원"
190,좋다~
191,지전거타고 가는곳 예뻐요겨울은 하아~~^
192,최고여 가림막다있구
193,"밤산책겸 들렀어요 강변주변엔 낚시하는 분들도 꽤 있으시더라구요
친구랑 둘이 한잔하며 불금을보내는 외국인도 있구요
좀 어둡긴 했지만 밤다리는 아름다웠어요
주차20 여분했는데 1000원 냈어요
국회의사당이 바로 옆에서 보여요
좀 일찍와서 밝을때도 산책 해보고싶드라구요^^"
194,사람많음
195,정말 쉬기 좋은 곳이에요
196,좋아요
197,사이클 라이딩
198,코로나 때문에 사람들이 많지 않네요.
199,라이딩 하다 다리 아래에서 햇살 피해 쉬기 좋음
200,저녁놀이 아름다운곳
201,좋아요
202,사람 많음. 낚시하기 좋음
203,"안양천건너기전 흐레기,지렁이사체가 너무많아 불편합니다 청소가 너무안되있어서. 속상하네요"
204,아주 👍좋아요 👍👌…
205,"한여름 한강공원은 시원합니다
양화지구는 낚시 포인트로도 유명해요"
206,한적하고 뷰가 좋다. 돗자리족이나 텐트족이 없는 곳을 찾는 날에 가는 편이다.
207,많은 자전거라이더와 운동을 하는사람 그리고 산책을 하는 사람들이 많이찾는 명소임.
208,한강 옆 나무그늘 때문에  잠시 휴식을  취하고  강바람 시원하게  불고  입구에  있는 편의점에서 구입한  간단한  간식을  먹기도 좋습니다~~
209,운동하고 산책하기 매우 좋음.
210,좋아요
211,좋음
212,잠깐 매점가기 좋은곳
213,커피한잔하기좋은곳
214,좋아요
215,"가족,친구들 산책하기도 좋고  주변에 나무와 꽃들이 비어 전경이 좋습니다~"
216,긋긋
217,좋아요 감사합니다
218,한강 공원 중에 가장 운치 있는 곳! 중간 중간에 정자도 있고 그네도 있고 ..!
219,양화대교   밑에  운동 기구가  있어서   가끔  갑니다  계속 해서  운동기구가  잘보존되길  바랍니다
220,사람 많고 자전거에 치이고 그나마 화장실 그정도인게 기적이고(찌린내 어쩔) 벌레때문에 디스코 추게되고.....
221,산책
222,아주 좋았어요
223,아침마다이런장소에서운동하기좋은장소
224,"앉아서 쉴만한 벤치는 부족하지만, 돗자리를 챙겨서 간다면 괜찮겠다"
225,"아이들놀이터가있어서밤에산책하기좋았어요~벌레들있는시기이니뿌리는모기약같은걸챙기면더좋을듯..
자전거를태우려했으나8시까지밖에대여안해준다고해서이용못한게아쉬움"
226,운동하기 너무 좋아요 굿
227,"한강공원 중 한적하고 평화로운 스팟
단 강북에서 보는 뷰를 좋아하는데(노을때문) 그게 아니라 별한개 깎음"
228,걷기 좋음
229,조아요 . 적당히 가깝고 적당히 걸을만하고
230,멋진곳. 거미와 송충이가 많음
231,운동하기너무좋아요
232,좋아요
233,집근처 녹지대공원이 있어 좋아요
234,굿
235,볼 건 없지만 걷기엔 좋음
236,"깨끗하게 관리된 공원, 근처에 편의점, 화장실 시설등 적당한 거리 간격으로 너무 좋아요:)"
237,해당화가 마날
238,"항상 좋은 곳, 좋은 개요 및 예쁜 소녀들과 함께하는 멋진 사람들 ~*"
239,"다른 한강공원에 비해 사람이 적고 한산한 듯.
평화로운 분위기가 좋았어."
240,자전거 타고 바람쐬기 좋아요
241,분위기 좋고 사람들이 많이 찾는 곳
242,응비
243,"엄청 좋음.
2주차장으로   주차후 3주차장쪽으로7분정도 이동하면 텐트 칠수있는곳 있음 아주 좋음.
다른 곳은 텐트 금지"
244,아름다운 젖은 안개
245,선유도에 과거 정수처리장을 공원으로 만든  멋진곳입니다. 사시사철 느낌이 저마다 다른 한강 휴식공간이죠
246,꽤 조용한 한강 공원 중 하나
247,다른 한강 공원에 비해 접근성이 좋고 한적합니다
248,"밤 10시 제한 덕분에 한강에 술마시고, 휘청거리는 사람들 넘쳐남. 제한을 대형 호프집이나, 노래방, 이런데만 하던가..작은 식당 주인들은 뭔죄여? 새벽에 일하시는 분들은 끼니 어떻게 때우냐?"
249,뷰는 별로
250,주차공간도 낣고 부도 좋네요
251,부부가 가끔 산책하러 갑니다.
252,"날씨도 좋고 물도 좋고 하늘도 좋고
재미있게 놀다왔습니다"
253,굿
254,공사중인곳이 있고 낚시금지 구역임에도 낚시를 하는분들이 있더라구요...ㅠㅜ
255,밤산책하기 좋은곳
256,그냥 최고!
257,양화공원선착장 아리수만찬. 자전거 타고 가다 쉬었다 가기도 좋은 곳이고 그냥 걸어와서 고기 구워먹고 술한잔 하기에도 좋은 곳. 편의점 라면 강추.
258,좋아요
259,사람 겁나마늠^^
260,강바람 휘몰아치는 가운데 녹색지대를 느낄수 있는 곳
261,아이들산책하기좋음
262,가족단위 나들이 좋습니다
263,좋아요
264,날이 좋아서 바람이 좋아서 간다
265,한강은 언제나 옳다. 숲풀을 조금만 지나면
266,"날씨도 모든게 다 좋았다
다만 공중화장실이 너무 멀다.."
267,가볍게 나들이 하기 넘 좋아요
268,각종 조형물이  멋져요
269,좋아요
270,이유는 필요없습니다.. 야경도 좋고.. 다른 한강에 비해 밀집도도 적고.. 주변에 먹거리 먹을 곳도 많고
271,굿
272,꽃은 아직이지만 공기좋고 운동하기 그만이죠
273,주차면이 적어서 안좋습니다
274,굿
275,편의점이 좀...
276,강아지와 산책하기도 좋아요.
277,그냥 좋지..ㅎ
278,추워
279,산책하기 좋은 곳
280,서울이 비싼이유
281,서울가면 꼭 가는곳.. 힐링이되는곳이에요
282,소형 선박면허 시험보러갔는데 주차도 편하고 바로 앞이라 좋았어요 경치도 굿~~~
283,날씨 좋아서 걷기 너무 좋아요.
284,편의점이 매우 잘되어있다
285,늘 새벽자전거 다네요^^
286,여의도만큼 북적거리지 않아 좋아요
287,다른곳은 차가 못들어기는곳이 많은데 이곳은 차를 댈수가 있었어요 바람이라도 쐬니 좋네요
288,사람 많아요 ㅜ
289,아름답고 멋진 곳 이죠!
290,산책하기 좋아요~~
291,기분전환으론 최고
292,"당산한강매점(새로 크게 짓는중)에 운동삼아 갔는데 비가 주르륵쥬르륵~빗소리가 넘좋고 우비입고 자전거타는 사람들, 우산쓰고 산책하는 사람들...넘넘 좋았음~^^좋은힐링..."
293,"편의시설 등 잘 갖추어진 ...
편히 쉬다 올 수 있는
주차장과 가까운.
쉼터
그리고
선유도에서 가까운...."
294,산책하기 좋아요
295,공원 좋다아 언능 공사 끝나라아아
296,봄이 오는 소리가 바람과 함께 나들이객의 옷차림과 색깔의 변화에서 읽혀집니다.
297,점심 식후 산책을 위한 좋은 곳
298,"좋아요. 한강공원을 따라 선유도 공원까지 산책하고 오면 더할나위없는 데이트 코스.
곳곳이 사진찍기도 좋아요"
299,나들이 하기 좋음
300,산책과 자전거~~
301,"깨끗하고, 한적하며, 거리를 두며 운동을 즐깁니다."
302,운동코스로치요 시원하고 한강을바라보면서요  요즘갈곳이없다보니  사람이 너무많터라고요
303,산책길 도중 자전거 길을 지나야하는 ㅠㅠㅠ 구간이 있지만 음 산책길이 넓지도 않고 음 그래도 한강이라 좋아요~~~
304,선유도공원 굿
305,봄이 오는 길에 날씨가 너무 쾌청해서 좋아요
306,멋진 장소
307,"공사중이라서 그런지 아직은..,"
308,좋아요
309,새벽에도 운동하는사람 많음.
310,운동이나 산책하기에 최고입니다
311,서울에 사는 이유!
312,한강보기좋음
313,주차장도 편리하고 가까이 편의점도 있고  더 걷다보면 선유도공원도 있고
314,좋은
315,"지하철에서 바로 한강으로 연결되어 있어서 접근이 편리하고  오른쪽 여의도나 왼쪽 선유도공원으로 갈수있어요.

2호선 당산역 4번.5번.6번 출구 어디로 나가시던 양화한강공원으로 가실수있지만 노들길 밑으로 굴다리를 건너야해요.
그것보다 4번 출구 쪽으로 가시면 밑으로 내려가시기 전에 한강공원으로 이어진 육교 길이 있구요 양화한강공원 이정표도 잘 보여요.

굴다리길은 어둡고 전망이 없지만 당산역에서 바로 연결되는 육교길은
한강과 여의도쪽 전망이 좋아서 이 길을 추천해요. 무엇보다 끝에 엘리베이터가 있어서 더 편리하고 사진찍을 공간도 약간 있어요."
316,"양화대교 밑에 운동을 하는 곳 이에요 기구가 다양합니다
아주 좋아 요.? 나 🙌 👍…"
317,잘 조성되어 산책하기 좋고 놀이터도 있어 아이들도 좋아합니다.
318,달리기에 좋습니다.
319,선유도공원 다녀왔슴
320,자전거 타기와 걷기 달리기 운동하기에 좋았씀
321,"선유도에 가려면 3주차장 이용.. 양화대교는 2주차장이
가까운데 주차면수가 그리 많진 않다."
322,다른 한강공원뷰다 아기자기자기 하지만 주택가와 지하철역과 인접한 메리트가 잇음
323,"넓은잔디와 한강조망
산책하기 좋아요"
324,역에서 공원에 가기 좋게 고가다리가 설치가 잘되어있네요 ㅎㅎ
325,"야경이 아주 멋져요
산책하기도 좋구요~~^^"
326,"산책하기좋은 곳, 미니샵에서 간식도"
327,자전거타면서 들리는 곳이에요.
328,좋아용 산책하기에 특히 좋습니다
329,좋음
330,비밀 데이트를 위한 탁월한 선택
331,산책하기 좋아요
332,코로나 때문에 사람만나기 꺼려는 지는데...답답함이 느낄때 자주가는곳
333,코로나인데도 사람들이 걷기 운동하러 나오네요.
334,한스장 양화대교점 벤치프레스 무게가 바 제외 30이 최대지만 한적하여 좋았습니다
335,산책하기좋은곳
336,사랑이 샘솟는 곳입니다~☆
337,연인과 방문하여 강을 바라보며 바람 쐬기에는 적당히 좋습니다~ 근데 12월 한강 공원은 어딜가나 드럽게 춥다~
338,"집 근처라 자주 가는 곳입니다.
계절마다 다른 느낌의 풍경을 제공해주어 좋습니다."
339,산책하기 좋아여
340,좋아요
341,걍좋음
342,가을 산책하세요
343,붐빔
344,"국민학교 동창들과
좋은 기억을 갖고 왔습니다"
345,비오거나 바람불거나 눈이와도 언제든지 이곳만 가면 운동 가능합니다
346,당산역 쉽게 이동하기 쉽게 연결되어 점심먹고 가볍게 산책할 수 있는 최고의 장소
347,"적당히 여유로운 한강공원. 여의도, 반포 한강공원보다는 덜 유명하지만 선유도도 있고 합정, 망원 방향 한강 뷰도 멋있는 여유로운 한강공원입니다."
348,한강공원에서 선유도공원으로 연결되어 있고 아름답게 잘 꾸며져 있다
349,잘 되어있는 한강공원 지역이며  선유도에 가기에 가까운 한강 지역임
350,시원하고 산책하기 좋은 장소 입니다.
351,"걷기 좋은 장소였던 것 같아요~ 낚시를 즐기는 분들, 산책하는 분들도 많구요. 아주 아름답거나 하진 않습니다. 한강을 보면 답답했던 가슴이 뻥 뚫리는건 있는 것 같아요~"
352,양화대교및 운동기구가 잘 되어있네요
353,산책하기 좋은 곳
354,거 참 걷기 딱 좋은 날씨네~
355,자전거타기 좋음
356,"요즘 날씨 걷기에 딱
귀여운 강아지들도 만날 수 있음"
357,그늘막 후딱 치고 비누방울 공놀이 연날리기 하면서 애랑 놀아주면 두어시간 후딱 갑니다
358,"한적한  시골  같음.
Peaceful place inside Seoul"
359,평화로움 해질때..
360,자전거도로및 공원시설이  잘 되어 있는곳.
361,접근성이 좋음
362,화장실 편함
363,"갈대와 억새가 어우러져있고,
자전거도 여유롭게 탈수있고
한강이 여유롭게 흐르고있어서 너무 좋아요"
364,"가족, 연인과 함께 걷기 좋은 곳.. 선유도 공원도 가까워요"
365,선유도공원과 같이 한강의 정취를 즐길 수 있는 휴식처
366,주차하기 편하구 좋아요
367,그냥 평범한 한강변 공원입니다. 자전거 타는 분들 무척 많이 이용하는 곳
368,"관리가 잘 되어 있고, 오후의 한적한 시간을 즐길 수 있어요"
369,한강이라는 특수를 누리기에 좋아요 교통편도 좋구요
370,한강은 언제나 옳음
371,산책및 운동하기 좋아요..
372,좋음
373,"한강공원은 어디든 멋집니다. 많은 사람들이 이곳에 와서 즐거운 시간을 보내고 있습니다. 커플, 가족, 심지어 싱글이라도 강 전망을 즐기실 수 있습니다."
374,선유도를 갈 수 있어 산책 범위가 넓어요
375,가깝고 걷기가. 쾌적하다
376,👍 좋아요 ㅋㅋ 사람도 많지않아서 굳…
377,한가하고 좋아요 다른데보다 사람이 적어요
378,도심 속 진주
379,맥주 먹으면서 여유즐기기 좋은곳!!
380,시원한 풍경
381,야간 산책에도 좋으나.. 자전거가 너무 빨리 달림
382,"밤 산책하기에 좋아요.
자전거 타는 사람들과 섞이는 부분에는 좀 위험 합니다"
383,가볍게쉬기좋습니다
384,뛰기에좋음
385,사람 넘 많아요.
386,운동하기 좋아요
387,"자전거 라이딩코스  굿 시원한 저녁 강바람
맞으며 그냥 걸어도 굿"
388,뷰가 좋음
389,열심히 운동하던곳♡♡
390,말이 필요한가???
391,저녁에 따릉이 빌려서 가면 야경이 캬...스트레스 풀리고 힐링되요 가실때 외투 필수 추워요
392,언제나 좋다
393,좋와요
394,동네 한바퀴 돌고 싶을때 오면 괜찮은 곳
395,여유 그 자체... 신선했음.
396,자전거 쉼터
397,걸어서 다리 건너 선유도 공원 갈 수 있음. 한적하고 넓찍함
398,산책하기 좋네요!
399,시원 하고  아주 좋아요
400,그냥 건너가서 딱히 정보 없음
401,사람 많은 한강공원
402,"좋고 아늑한 장소.
여의도만큼 크지는 않지만 자연과 더 흡사해요"
403,공원은 언제나 좋음
404,예뻐요
405,사람들이 많이 있습니다.
406,좋아요
407,나홀로산책운동하기좋은곳
408,다른 한강공원보다 한적해서 좋아요~
409,야간조명이좋아요
410,낚시하기만 좋은곳이네요
411,깨끗  상쾌
412,굿 너무 좋은 공원
413,"한강 요트체험 강추, 근데 여의도 한강공원 방향으로 많이 걸어야 함. 분위기 좋음"
414,앉을 벤치가 많지 않아서 조금 아쉽지만 산책하기에도 한강보기에도 좋아용
415,dt는아니지만  주말에 8시면 열고 한강이랑 가까워서 좋아요
416,기가막힌 트래킹 코스입니다
417,연인끼리 치킨 먹으면 좋아요
418,굿~!!!
419,"비많이오면 가지마세욤. 편의점 하나있어서 나름 유용함.  낚시하는분들도 좀 잇고. 국회의사당방향으로 가면 강보다는 숲이있고, 반대로 위로올라가면 강변이 쭉 나있어요~"
420,많은사람들이 있습니다
421,친절 맛 편의 다갖춘곳입니다.
422,야경이 참 아름답죠.
423,사람이 많네요
424,넓고 조와요!
425,안이낄수인나?  와이?
426,너무 잘 조성되어 있네요
427,늘 자주 가니 좋아요
428,서울에서의 좋은곳 중 한것 입니다.
429,참으로 아름다운 view를 볼수있어 좋다
430,코로나 옮거나 옮기지 말고 집에 있읍시다.
431,한적하게 드러누울수 있어요
432,조용하고 깨끗함
433,사람적고 항상 옳아
434,"너무좋아요
행복해요"
435,화창한 날씨 정말 좋네
436,낮에 가도 좋고 야경도 볼만하다.
437,늘 굿
438,좁고 순환선들로인해 매연
439,산책하기 좋아요. 주차장도 가깝게 있어요.
440,풍경좋고 노을 좋고 넓고 좋지만 벤치나 도보길(성산대교쪽)이 잘 되어있지않아 아쉬웠어요
441,아기랑 오기 좋음
442,강의 풍경은 늘 안식을 줍니다
443,자전거 도로가 잘되어있어서 좋아요
444,여의도 공원에 비하여 한적해서 여유를 느끼고 싶을때 추천
445,고기는 좋은데 환기가 잘안됌
446,너무너무 맛있어요
447,좋긴한데 비둘기가 넘 많아요ㅜㅜ
448,자전거 타고 중간 휴식처
449,철봉 평행봉 턱걸이용철봉 있음 커플많음 가끔버스킹함 여름에 따릉이타고 밤에 오기좋음
450,"방화대교옆
습지"
451,비교적 좋았습니다.
452,프리미엄 번거랑 와퍼 두개에 7000 원 행사중이라서 좋아요!!!!ㅋㅋ
453,서울 사는 사람에겐 한강은 최고의 휴식장소
454,운동하고 자전거타고 산책하고  시간을보내지요 아주즐거워요 또무엇을할까 명상도하고 아주좋아요
455,집 가까운 산책로
456,더워요
457,자전거길이잘되어있어요
458,낚시 포인트가 좋고 고기 잘나옴
459,선유도공원. 산책하면서 데이트하기 좋음
460,달리기
461,저녁 산책길에
462,밤산책 뷰가좋아요
463,그냥 좋아요
464,분위기있음
465,내 삶의 쉼표
466,자연친화적인 참새가 가득한 아름다운 공원 입니다.
467,한강.등이 좀 어둡습니다.
468,산만이 더 시원합니다)))
469,그냥 일반적인 한강경치. 집근처라 자주 가네요
470,상쾌하게 운동하기 딱 좋습니다.
471,비오는 양화대교의 운치는 끝내줍니다~
472,자전거 모임장소 추천
473,밤에는 모기많음
474,"한적함
이국적인 감성의 수변 공원"
475,비는오니 한산하고 좋네요.
476,쉬기좋아요
477,너무 좋다
478,운동하고 해질녘에 다리를 건너 산책하기 좋은 곳
479,공원이 걷기 좋고 사람들도 많지만은 않아서 산책하기 좋아요.
480,운치있고 쉴 수 있고 운동할 수 있는 곳!
481,"강바람이 솔솔솔 흘러가는 한강물 ,훌쩍 웃자란 억세풀숲, 다양한 운동기구등 어린이부터 노인들까지 쉼터공간으로 훌륭한 공원이다,"
482,해질무렵 선유도다리가보이는 한강공원
483,한적하네요 그냥 산책 정도론 좋아요
484,늦은 오후 산책하면서 노을보기좋은곳.
485,"꼭한번쯤라이닝해보시길강추하고싶은곳입니다.
여유와활력그리고한강의뷰...
모든게맘에드는곳이였다"
486,"산책길.자전거길 너무 좋은데
오늘은 더워서 잔차타기 힘들다
😋😋😋
땀범벅..…"
487,서울에서 이만한 휴식공간을 접하기란 쉽지 않죠. 계절맞춰 꽃도 지천이고 벤치 등 쉴수있는 공간도 충분해 힐링  장소로 적극 추천합니다
488,그럭저럭...라면은 맛있어요
489,라면 땡기러 가기 좋음.
490,"서울로 가기전, 속초여행 마무리로 아주 좋아요.^~^"
491,라이딩 63km
492,집 옆에한강 공원있이요
493,바람이 잘부는 양화대교 아래에서 쉬면 너무 좋습니다
494,바람도 쏘이고 산책하기에도 너무 좋은곳
495,아이들과 피크닉하기 좋은 곳
496,도시속 자연이 가까이 있어서 좋다
497,자전거 타고 가기 좋아요. 화장실이랑 편의점도 잘 갖추어져 있어요.
498,다양한 볼거리가 있음
499,좋아요
500,깨끗해요.
501,다른 한강공원에 비해 좋지 않네요.
502,"산책하기 딱 좋은날이네요, 마스크 쓰는건 아쉽지만ㅎㅎ"
503,경치 좋고 접근성 좋은 공원
504,운동하기 좋고 낚시하기 좋고 ...
505,"조금 떨어진곳에 주차장이 있음. 양화교 밑엔 그늘이 시원하며 운동기구가 많음. 사람들이 운동을많이 하고있음.
바로옆에 어린이놀이터, 양화교 위에 커피숖도있음."
506,아이들이 좋아합니다
507,가족 나들이로 좋아요
508,언제 봐도 야경 멋지다
509,한산한 한강공원 산책
510,다른 한강공원보다 한적한 편이라 좋습니다
511,정돈된 공원에서 편안하게 걸을수 있고 야경이 뛰어나다
512,"한강은 너무 좋아요  일상 생활에서  피곤하고 지칠때마다  공원에 가서 산책을 하고 있으면
피곤함이 사라지네요 너무좋아 요"
513,맥주한잔 까기 좋음 굳
514,대물들이 숨쉬는곳
515,반려견키우시는분산책하기좋아여
516,아무것도없음...
517,코로나 영향으로 집콕탈출~ 탁 트인 장소와 한강 변을 거닐 수 있어 좋음~ 더불어 선유도 공원을 들를 수 있다는 장점~
518,좋아요
519,산책하기 좋아요
520,시야가  좋 아요 강북 도잘보이고 가끔 잘가요♡♡~~~~
521,주차도 좋고 인근 편의점 등 편의시설도 좋네요
522,한강뷰가 좋아요
523,맥주때리고싶은곳
524,날씨 좋은날 낮에 가면 기절 가능
525,자전거도로나 에스컬레이터로 다리위로 올라가 나가고 들어오기기 좋고 운동기구도 있고 산책로가 수변과 가까이 있어서 좋다.근처에 선유도가 있어서 산책하기 좋다.
526,너무평온
527,미세먼지 없는 날 놀러오기 넘 좋네요^^
528,한국에서 내가 가장 좋아하는 곳
529,접근성이 매우 좋고 깨끗하게 정비되어 있다!!
530,조깅하기 좋아요.
531,너무 좋다.  역시 한강공원 👍…
532,추워요
533,멋진 곳 입니다. 벽에 그려진 유명인들의 페인팅과 명언~ 보면서 감동받고가요 ㅎ
534,아프지말고 가야 좋음
535,"한강공원 가벼운 산책이나 자전
거 타기에 너무 좋습니다
물론 스트레칭운동 기구도 있고
너무 좋습니다."
536,힐링되는 공원
537,"아름다운  한강양화공원
입니다나드리  산책하면서
걷기딱좋은  곳입니다
선유도와 함께그닐며  산책
하기에좋읍니다
유유히흐러는  강물을보면서"
538,동네에서 괜찮은곳
539,굿
540,당산역 지하철과 가깝고 편의점도 있음. 겨울철에는 편의점 24시간 운영하지는 않음
541,겨울에는 너무 황량하고 생명이 없지만 꽃이 피는 봄에는 괜찮습니다.
542,양화대교 위 커피숍
543,생각보다 초계국수는 별로고 밀전병이 맛있어요.. 가격내라고 양줄이면 좋겠어요
544,아늑한 수변 공원
545,"이름자체가
다잇어서 ""다이소""
인듯 합니다.
청소용품을 사러갓는데
원하는것 모두 살수잇어
좋앗구요
최우선은 주차장이 넓어
주차하기좋아
자주 찾는곳이기도 합니다"
546,"잘알려지지 않은 공원 관리가 잘 되어있지는 않아요
접근이 좀 불편해요"
547,천주교 순교지 공원에 가보세요
548,산책하기 좋은 곳
549,시민들의 공공휴식 공간
550,"가을에 코스모스가 느러지게 피어 있어요.
포토존도 잘해놓고 강바람 쐬며 석양 노을질때 가면 환타직합니다"
551,"라이딩할때 꼭 들러 쉬는곳입니다,
커피 마시면서 커피의 진한맛도 느낄수있어 좋습니다^^"
552,"다른 한강공원에 비해 조금 더 한적한듯..
여름에 수영장도 깨끗하고 좋아요."
553,철봉도있고이것저것있다. 하지만 푸쉬업 폴이 없다 T^T
554,굿
555,"걷고 뛰기 좋아요.
그리고 석양과 야경이 아주 훌륭해요"
556,멋쪄여 ~~~^^
557,이쁘고 좋음. 잔디밭 돗자리깔고 석양보며 먹는 캔맥주는 완전 엑설런트
558,힐링의 장소
559,양화대교
560,묻고 더블로
561,한적하게 가족과함께하기좋은곳~!
562,서울안에서 힐링 하기에는 최고예요
563,라이딩휴게소
564,"2호선 당산역 4번출구방향에서 한강으로 나가는 구름다리 연결되어있음. 구름다리끝까지 가서에 엘리베이터를 타거나 계단으로 내려가면 한강시민공원길과 연결됨. 엘리베이터에서 나가 왼편 양화대교쪽으로 가면 양화시민공원.  양화대교 지나자마자 봄에는 청보리밭, 가을에는  코스모스들판이 나옴. 그 곳을 지나치면 양편에 드넓은 잔디밭, 더 지나치면 장미공원이 나오고, 선유도공원으로 연결되는 구름다리가 나옴. 최고의 휴식처."
565,봄에는 더좋을것갖습니다
566,공원도 좋치만 저는 일주일에 가능한 세차례 운동을 나가는 곳 입니다.
567,"한적하니 너무 좋네요
모처럼 따뜻한 가을 날씨!"
568,한강을 가서 한적한곳을 찾는다면 추천
569,운동기구도있고 산책하기 좋았음요^^
570,이 장소가 좋아요
571,낚시하는 분들도 있어요
572,보통
573,2019.10 다른 한강공원에 비해 화려하진 않지만 한적하다.
574,산책하기 좋음
575,조음
576,이렇게 좋은 날씨에 자전거 타기 딱 좋은 곳!
577,자전거도로 타고 갈수 있는 아주 좋은 한강 입니다
578,여유로운 시간.. 차한잔의여유 한강바람과 주위의 풍경들이
579,항상 좋지요
580,좋은 산책코스이나 불법 낚시인들과 2마리이상 대리고나온 애묘인들의 행렬들이 아쉽네요. 특히 낚시인들은 구석구석 왜이리 많은지...
581,"확실히 서울에서 가장 멋진 곳 중 하나예요
사람이 많지 않아 일몰을 감상할 수 있는 멋진 산책로도 있습니다.
그래서 매우 조용하고 잔디밭에서 휴식을 취할 수 있습니다.
저는 이런 곳에서 음식을 먹는 걸 좋아해요!😂😂
이곳을 강력히 추천합니다😀👍"
582,여유로운 공간이지만 올림픽대로의 차량소음이 옥의 티
583,자전거타면서 데이트를 !!
584,한강의 추억
